-- phpMyAdmin SQL Dump
-- version 5.0.2
-- https://www.phpmyadmin.net/
--
-- ホスト: localhost
-- 生成日時: 2020 年 7 月 16 日 15:57
-- サーバのバージョン： 10.4.11-MariaDB
-- PHP のバージョン: 7.4.6

SET SQL_MODE = "NO_AUTO_VALUE_ON_ZERO";
START TRANSACTION;
SET time_zone = "+00:00";


/*!40101 SET @OLD_CHARACTER_SET_CLIENT=@@CHARACTER_SET_CLIENT */;
/*!40101 SET @OLD_CHARACTER_SET_RESULTS=@@CHARACTER_SET_RESULTS */;
/*!40101 SET @OLD_COLLATION_CONNECTION=@@COLLATION_CONNECTION */;
/*!40101 SET NAMES utf8mb4 */;

--
-- データベース: `gsacf_d06_02`
--

-- --------------------------------------------------------

--
-- テーブルの構造 `go_table`
--

CREATE TABLE `go_table` (
  `id` int(12) NOT NULL,
  `myname` varchar(128) COLLATE utf8_unicode_ci NOT NULL,
  `nowtime` timestamp NOT NULL DEFAULT current_timestamp()
) ENGINE=InnoDB DEFAULT CHARSET=utf8 COLLATE=utf8_unicode_ci;

--
-- テーブルのデータのダンプ `go_table`
--

INSERT INTO `go_table` (`id`, `myname`, `nowtime`) VALUES
(1, 'じろう', '2020-06-24 13:59:51'),
(2, 'じろう', '2020-06-24 13:59:52'),
(3, 'じろう', '2020-06-24 13:59:52'),
(4, 'じろう', '2020-06-24 13:59:52'),
(5, 'じろう', '2020-06-24 13:59:53'),
(6, 'じろう', '2020-06-24 13:59:53'),
(7, 'じろう', '2020-06-24 13:59:55'),
(8, 'じろう', '2020-06-24 13:59:56'),
(9, 'じろう', '2020-06-24 13:59:57'),
(10, 'じろう', '2020-06-24 13:59:58'),
(11, 'じろう', '2020-06-24 13:59:58'),
(12, 'じろう', '2020-06-24 13:59:59'),
(13, 'じろう', '2020-06-24 13:59:59'),
(14, 'じろう', '2020-06-24 13:59:59'),
(15, 'だいすけ', '2020-06-24 14:02:07'),
(16, 'あらた', '2020-06-24 14:02:09'),
(17, 'はなこ', '2020-06-24 14:02:11'),
(18, 'しずか', '2020-06-24 14:02:12'),
(19, 'みゆき', '2020-06-24 14:02:12'),
(20, 'だいすけ', '2020-06-24 14:04:43'),
(21, 'あらた', '2020-06-24 14:04:45'),
(22, 'じろう', '2020-06-24 14:11:05'),
(23, 'じろう', '2020-06-24 14:11:06'),
(24, 'じろう', '2020-06-24 14:11:07'),
(25, 'だいすけ', '2020-06-24 14:11:08'),
(26, 'じろう', '2020-06-24 14:11:08'),
(27, 'じろう', '2020-06-24 14:12:13'),
(28, 'じろう', '2020-06-24 14:12:14'),
(29, 'だいすけ', '2020-06-24 14:12:15'),
(30, 'じろう', '2020-06-24 14:12:16'),
(31, 'じろう', '2020-06-24 14:12:16'),
(32, 'じろう', '2020-06-24 14:13:07'),
(33, 'じろう', '2020-06-24 14:13:08'),
(34, 'だいすけ', '2020-06-24 14:13:08'),
(35, 'じろう', '2020-06-24 14:13:13'),
(36, 'じろう', '2020-06-24 14:13:14'),
(37, 'だいすけ', '2020-06-24 14:39:22'),
(38, 'あらた', '2020-06-24 14:39:48'),
(39, 'だいすけ', '2020-06-24 14:53:28'),
(40, 'だいすけ', '2020-06-24 14:58:14'),
(41, 'しずか', '2020-06-24 14:58:43'),
(42, 'はなこ', '2020-06-24 14:58:44'),
(43, 'あらた', '2020-06-24 14:58:44'),
(44, 'だいすけ', '2020-06-24 15:00:58'),
(45, 'あらた', '2020-06-24 15:02:52'),
(46, 'はなこ', '2020-06-24 15:03:01'),
(47, 'しずか', '2020-06-24 15:03:03'),
(48, 'しずか', '2020-06-24 15:03:03'),
(49, 'じろう', '2020-06-24 15:07:25'),
(50, 'だいすけ', '2020-06-24 15:07:27'),
(51, 'あらた', '2020-06-24 15:07:27'),
(52, 'じろう', '2020-06-24 15:08:42'),
(53, 'しずか', '2020-06-24 15:08:56'),
(54, 'だいすけ', '2020-06-24 15:10:35'),
(55, 'じろう', '2020-06-24 15:10:39'),
(56, 'だいすけ', '2020-06-24 15:42:06'),
(57, 'しずか', '2020-06-24 15:47:16'),
(58, 'みゆき', '2020-06-24 15:47:20'),
(59, 'しずか', '2020-06-24 15:58:54'),
(60, 'はなこ', '2020-06-24 16:01:55'),
(61, 'じろう', '2020-06-24 16:07:17'),
(62, 'はなこ', '2020-06-24 16:09:06'),
(63, 'あらた', '2020-06-24 16:15:58'),
(64, 'しずか', '2020-06-24 16:16:10'),
(65, 'はなこ', '2020-06-24 16:16:16'),
(66, 'だいすけ', '2020-06-24 16:16:40'),
(67, 'じろう', '2020-06-25 02:01:34'),
(68, 'だいすけ', '2020-06-25 02:02:26'),
(69, 'じろう', '2020-06-25 02:02:32'),
(70, 'ゆうこ', '2020-06-25 02:05:10'),
(71, 'りえこ', '2020-06-25 02:06:46'),
(72, 'りえこ', '2020-06-25 02:13:51'),
(73, 'あい', '2020-06-25 02:13:54'),
(74, 'じろう', '2020-06-25 02:19:44'),
(75, 'はなこ', '2020-06-25 02:20:01'),
(76, 'すず', '2020-06-25 02:20:24'),
(77, 'まいける', '2020-06-25 02:23:24'),
(78, 'ひろし', '2020-06-25 02:57:20'),
(79, 'りえこ', '2020-06-25 02:57:31'),
(80, 'ゆうこ', '2020-06-25 02:58:39'),
(81, 'はるな', '2020-06-25 03:22:40'),
(82, 'だいすけ', '2020-06-25 04:02:15'),
(83, 'あらた', '2020-06-25 04:06:13'),
(84, 'だいすけ', '2020-06-25 04:08:24'),
(85, 'だいすけ', '2020-06-25 04:13:17'),
(86, 'みゆき', '2020-06-25 04:15:53'),
(87, 'あらた', '2020-06-25 04:16:26'),
(88, 'ひろし', '2020-06-25 04:30:06'),
(89, 'あい', '2020-06-25 10:28:47'),
(90, 'ひろし', '2020-06-25 10:30:56'),
(91, 'けんいち', '2020-06-25 11:16:22'),
(92, 'よしお', '2020-06-25 11:41:11'),
(93, 'よしお', '2020-06-25 11:43:06'),
(94, 'だいすけ', '2020-06-25 11:44:50'),
(95, 'じろう', '2020-06-25 11:47:01'),
(96, 'しんのすけ', '2020-06-25 11:47:35'),
(97, 'しんのすけ', '2020-06-25 11:47:49'),
(98, 'しんのすけ', '2020-06-25 11:47:56'),
(99, 'じろう', '2020-06-25 11:48:56'),
(100, 'だいすけ', '2020-06-25 11:49:34'),
(101, 'だいすけ', '2020-06-25 11:49:52'),
(102, 'じろう', '2020-06-25 12:10:12'),
(103, 'だいすけ', '2020-06-25 12:11:38'),
(104, 'しんのすけ', '2020-06-25 12:16:29'),
(105, 'しんのすけ', '2020-06-25 12:18:23'),
(106, 'しんのすけ', '2020-06-25 12:26:07'),
(107, 'だいすけ', '2020-06-25 12:28:40'),
(108, 'はるな', '2020-06-25 12:35:25'),
(109, 'まいける', '2020-06-25 12:39:25'),
(110, 'だいすけ', '2020-06-25 12:40:52'),
(111, 'だいすけ', '2020-06-25 12:42:53'),
(112, 'だいすけ', '2020-06-25 12:48:53'),
(113, 'けんいち', '2020-06-25 12:49:27'),
(114, 'じろう', '2020-06-25 12:49:40'),
(115, 'けんいち', '2020-06-25 12:49:44'),
(116, 'みゆき', '2020-06-25 12:50:14'),
(117, 'ひろし', '2020-06-25 12:50:55'),
(118, 'ひろし', '2020-06-25 13:11:32'),
(119, 'だいすけ', '2020-06-25 13:45:07'),
(120, 'あらた', '2020-06-25 13:45:17'),
(121, 'あらた', '2020-06-25 13:57:24'),
(122, 'じろう', '2020-06-25 14:00:09'),
(123, 'ひろし', '2020-06-25 14:01:15'),
(124, 'けんいち', '2020-06-25 14:33:38'),
(125, 'だいすけ', '2020-06-27 04:04:09'),
(126, 'けんいち', '2020-06-27 04:09:51'),
(127, 'はなこ', '2020-06-27 04:10:28'),
(128, 'すず', '2020-06-27 04:10:34'),
(129, 'ひろし', '2020-07-01 21:00:14'),
(130, 'だいすけ', '2020-07-01 21:29:03'),
(131, 'あらた', '2020-07-01 21:31:59'),
(132, 'けんいち', '2020-07-01 21:32:02'),
(133, 'しずか', '2020-07-01 21:32:05'),
(134, 'じろう', '2020-07-01 21:34:38'),
(135, 'りえこ', '2020-07-01 21:37:09'),
(136, 'じろう', '2020-07-02 01:06:28'),
(137, 'じろう', '2020-07-02 01:06:31'),
(138, 'だいすけ', '2020-07-02 01:08:13'),
(139, 'じろう', '2020-07-02 01:10:31'),
(140, 'けんいち', '2020-07-02 01:11:23'),
(141, 'りえこ', '2020-07-02 01:15:10'),
(142, 'すず', '2020-07-02 01:15:14'),
(143, 'だいすけ', '2020-07-02 01:18:22'),
(147, 'だいすけ', '2020-07-02 03:24:03'),
(148, 'じろう', '2020-07-02 03:34:37'),
(149, 'じろう', '2020-07-02 03:40:16'),
(150, 'じろう', '2020-07-02 03:41:49'),
(153, 'じろう', '2020-07-02 04:14:21'),
(154, 'じろう', '2020-07-02 04:14:22'),
(155, 'じろう', '2020-07-02 04:14:23'),
(156, 'じろう', '2020-07-02 04:14:24'),
(157, 'じろう', '2020-07-02 04:14:24'),
(159, 'だいすけ', '2020-07-02 04:14:25'),
(160, 'だいすけ', '2020-07-02 04:14:25'),
(161, 'じろう', '2020-07-02 04:14:26'),
(162, 'じろう', '2020-07-02 04:14:26'),
(163, 'あらた', '2020-07-02 04:14:27'),
(164, 'あらた', '2020-07-02 04:14:27'),
(167, 'じろう', '2020-07-02 04:25:34'),
(168, 'ひろし', '2020-07-02 04:27:28'),
(170, 'じろう', '2020-07-02 12:46:55'),
(171, 'じろう', '2020-07-02 12:54:10'),
(172, 'じろう', '2020-07-02 12:54:20'),
(173, 'じろう', '2020-07-02 12:55:41'),
(174, 'みゆき', '2020-07-02 12:56:08'),
(175, 'じろう', '2020-07-02 12:59:51'),
(176, 'じろう', '2020-07-02 13:01:33'),
(177, 'じろう', '2020-07-02 13:01:38'),
(178, 'じろう', '2020-07-02 13:07:17'),
(179, 'だいすけ', '2020-07-02 13:07:22'),
(180, 'けんいち', '2020-07-02 13:07:25'),
(181, 'じろう', '2020-07-02 13:08:12'),
(182, 'じろう', '2020-07-02 13:10:07'),
(183, 'じろう', '2020-07-02 13:10:09'),
(184, 'じろう', '2020-07-02 13:10:13'),
(185, 'みゆき', '2020-07-02 13:13:12'),
(186, 'りえこ', '2020-07-02 13:14:17'),
(187, 'けんいち', '2020-07-02 13:15:53'),
(188, 'じろう', '2020-07-02 13:20:43'),
(189, 'じろう', '2020-07-02 13:21:46'),
(190, 'じろう', '2020-07-02 13:22:23'),
(191, 'じろう', '2020-07-02 13:24:18'),
(193, 'じろう', '2020-07-02 13:41:39'),
(194, 'だいすけ', '2020-07-02 13:41:42'),
(195, 'すず', '2020-07-02 13:41:55'),
(196, 'ひろし', '2020-07-02 13:41:59'),
(197, 'あい', '2020-07-02 13:42:02'),
(198, 'けんいち', '2020-07-02 13:42:30'),
(199, 'あらた', '2020-07-02 13:43:21'),
(200, 'ひろし', '2020-07-02 13:43:24'),
(201, 'じろう', '2020-07-02 13:57:57'),
(202, 'じろう', '2020-07-02 14:00:12'),
(203, 'じろう', '2020-07-02 14:00:16'),
(204, 'じろう', '2020-07-02 14:00:48'),
(205, 'じろう', '2020-07-02 14:01:05'),
(206, 'あらた', '2020-07-02 14:01:54'),
(207, 'じろう', '2020-07-02 14:03:12'),
(208, 'じろう', '2020-07-02 14:04:04'),
(209, 'じろう', '2020-07-02 14:05:33'),
(210, 'じろう', '2020-07-02 14:06:20'),
(211, 'じろう', '2020-07-02 14:07:12'),
(212, 'じろう', '2020-07-02 14:12:23'),
(213, 'はなこ', '2020-07-02 14:12:30'),
(214, 'あらた', '2020-07-02 14:13:16'),
(215, 'けんいち', '2020-07-02 14:13:19'),
(216, 'じろう', '2020-07-02 14:14:58'),
(217, 'じろう', '2020-07-02 14:15:04'),
(218, 'ひろし', '2020-07-02 14:16:09'),
(219, 'ひろし', '2020-07-02 14:16:13'),
(220, 'あらた', '2020-07-02 14:17:04'),
(222, 'じろう', '2020-07-02 14:17:44'),
(223, 'じろう', '2020-07-02 14:19:36'),
(224, 'みゆき', '2020-07-02 14:19:38');

-- --------------------------------------------------------

--
-- テーブルの構造 `hoikushi_table`
--

CREATE TABLE `hoikushi_table` (
  `id` int(12) NOT NULL,
  `teachername` varchar(128) CHARACTER SET utf8mb4 COLLATE utf8mb4_unicode_ci NOT NULL,
  `password` varchar(128) CHARACTER SET utf8mb4 COLLATE utf8mb4_unicode_ci NOT NULL,
  `is_admin` int(1) NOT NULL,
  `is_deleted` int(1) NOT NULL,
  `created_at` datetime NOT NULL,
  `updated_at` datetime NOT NULL
) ENGINE=InnoDB DEFAULT CHARSET=utf8 COLLATE=utf8_unicode_ci;

--
-- テーブルのデータのダンプ `hoikushi_table`
--

INSERT INTO `hoikushi_table` (`id`, `teachername`, `password`, `is_admin`, `is_deleted`, `created_at`, `updated_at`) VALUES
(1, '安部大輔', '12345', 0, 0, '2020-07-15 16:14:31', '2020-07-15 16:14:31'),
(2, '袴田', '12345', 0, 0, '2020-07-15 16:22:04', '2020-07-15 16:22:04'),
(3, '野比のび太', '54321', 0, 0, '2020-07-16 14:08:47', '2020-07-16 14:08:47'),
(4, 'ヨッシー', '12345', 0, 0, '2020-07-16 22:54:29', '2020-07-16 22:54:29');

-- --------------------------------------------------------

--
-- テーブルの構造 `kakunin_table`
--

CREATE TABLE `kakunin_table` (
  `id` int(12) NOT NULL,
  `user_id` int(12) NOT NULL,
  `renraku_id` int(12) NOT NULL,
  `created_at` datetime NOT NULL
) ENGINE=InnoDB DEFAULT CHARSET=utf8 COLLATE=utf8_unicode_ci;

--
-- テーブルのデータのダンプ `kakunin_table`
--

INSERT INTO `kakunin_table` (`id`, `user_id`, `renraku_id`, `created_at`) VALUES
(4, 1, 3, '2020-07-16 13:46:53'),
(7, 1, 1, '2020-07-16 14:04:23'),
(21, 2, 6, '2020-07-16 18:57:01'),
(23, 2, 9, '2020-07-16 18:57:04'),
(24, 2, 10, '2020-07-16 18:57:06'),
(25, 2, 7, '2020-07-16 18:57:09'),
(26, 2, 16, '2020-07-16 18:57:11'),
(27, 2, 12, '2020-07-16 18:57:12'),
(28, 2, 11, '2020-07-16 18:57:13'),
(29, 2, 13, '2020-07-16 18:57:14'),
(30, 2, 15, '2020-07-16 18:57:16'),
(31, 2, 14, '2020-07-16 18:57:19'),
(32, 2, 3, '2020-07-16 18:57:21'),
(33, 3, 3, '2020-07-16 18:57:33'),
(36, 3, 10, '2020-07-16 18:57:38'),
(37, 3, 11, '2020-07-16 18:57:40'),
(38, 3, 16, '2020-07-16 18:57:42'),
(39, 3, 12, '2020-07-16 18:57:43'),
(40, 3, 13, '2020-07-16 18:57:44'),
(41, 3, 14, '2020-07-16 18:57:46'),
(42, 3, 15, '2020-07-16 18:57:47'),
(43, 3, 6, '2020-07-16 18:57:54'),
(44, 3, 7, '2020-07-16 18:57:55'),
(45, 3, 9, '2020-07-16 18:57:57'),
(46, 1, 6, '2020-07-16 18:58:10'),
(47, 1, 7, '2020-07-16 18:58:12'),
(48, 1, 9, '2020-07-16 18:58:15'),
(49, 1, 11, '2020-07-16 18:58:17'),
(50, 1, 10, '2020-07-16 18:58:18'),
(51, 1, 16, '2020-07-16 18:58:20'),
(52, 1, 12, '2020-07-16 18:58:21'),
(53, 1, 13, '2020-07-16 18:58:21'),
(54, 1, 14, '2020-07-16 18:58:23'),
(55, 1, 15, '2020-07-16 18:58:24');

-- --------------------------------------------------------

--
-- テーブルの構造 `like_table`
--

CREATE TABLE `like_table` (
  `id` int(12) NOT NULL,
  `user_id` int(12) NOT NULL,
  `todo_id` int(12) NOT NULL,
  `created_at` datetime NOT NULL
) ENGINE=InnoDB DEFAULT CHARSET=utf8 COLLATE=utf8_unicode_ci;

--
-- テーブルのデータのダンプ `like_table`
--

INSERT INTO `like_table` (`id`, `user_id`, `todo_id`, `created_at`) VALUES
(4, 1, 8, '2020-07-11 17:33:13'),
(5, 1, 4, '2020-07-11 17:33:15'),
(7, 1, 5, '2020-07-11 17:33:44'),
(9, 6, 20, '2020-07-16 10:44:00');

-- --------------------------------------------------------

--
-- テーブルの構造 `renraku_table`
--

CREATE TABLE `renraku_table` (
  `id` int(12) NOT NULL,
  `childname` varchar(128) COLLATE utf8_unicode_ci NOT NULL,
  `writetime` date NOT NULL,
  `renrakutext` varchar(1000) COLLATE utf8_unicode_ci NOT NULL,
  `created_at` datetime NOT NULL,
  `updated_at` datetime NOT NULL
) ENGINE=InnoDB DEFAULT CHARSET=utf8 COLLATE=utf8_unicode_ci;

--
-- テーブルのデータのダンプ `renraku_table`
--

INSERT INTO `renraku_table` (`id`, `childname`, `writetime`, `renrakutext`, `created_at`, `updated_at`) VALUES
(3, 'あらたまっけんゆう', '2020-07-03', '明日も雨かな', '2020-07-15 16:49:54', '2020-07-15 16:49:54'),
(6, 'さとうたける', '2020-07-01', '遊びましょう', '2020-07-16 10:41:31', '2020-07-16 13:52:12'),
(7, 'ひろせすず', '2020-07-12', '転んでケガをしてしまいました', '2020-07-16 10:46:28', '2020-07-16 14:06:44'),
(9, 'よしおかりほ', '2020-07-16', '今日は天気がいいね', '2020-07-16 13:46:19', '2020-07-16 13:46:19'),
(10, 'ながさわまさみ', '2020-07-15', 'たくさん食べました', '2020-07-16 14:05:00', '2020-07-16 14:05:00'),
(11, 'あらたまっけんゆう', '2020-07-01', 'おおおおおおお', '2020-07-16 16:43:28', '2020-07-16 16:43:28'),
(12, 'ながさわまさみ', '2020-07-17', '水遊びをしました', '2020-07-16 18:35:24', '2020-07-16 18:35:24'),
(13, 'ひろせすず', '2020-07-17', 'ピーマンが苦手なようです', '2020-07-16 18:35:45', '2020-07-16 18:35:45'),
(14, 'ふくしそうた', '2020-07-17', 'サッカーが大好きです', '2020-07-16 18:36:03', '2020-07-16 18:36:03'),
(15, 'さとうたける', '2020-07-17', '粘土で遊びました', '2020-07-16 18:36:20', '2020-07-16 18:36:20'),
(16, 'あらたまっけんゆう', '2020-07-17', '目が充血しています', '2020-07-16 18:36:56', '2020-07-16 18:36:56'),
(17, 'あらたまっけんゆう', '2020-07-28', '明日は水着を持ってきてください', '2020-07-16 22:40:46', '2020-07-16 22:40:46'),
(18, 'さとうたける', '2020-07-20', '明日は水着を持ってきてください', '2020-07-16 22:40:54', '2020-07-16 22:40:54'),
(19, 'ふくしそうた', '2020-07-31', '明日は水着を持ってきてください', '2020-07-16 22:41:09', '2020-07-16 22:41:09'),
(20, 'ながさわまさみ', '2020-07-01', '明日は水着を持ってきてください', '2020-07-16 22:41:16', '2020-07-16 22:41:16'),
(21, 'ひろせすず', '2020-07-25', '明日は水着を持ってきてください', '2020-07-16 22:41:23', '2020-07-16 22:41:23'),
(22, 'よしおかりほ', '2020-07-25', '明日は水着を持ってきてください', '2020-07-16 22:41:30', '2020-07-16 22:41:30'),
(23, 'よしおかりほ', '2020-07-18', '暑くなってきましたね', '2020-07-16 22:42:25', '2020-07-16 22:42:25');

-- --------------------------------------------------------

--
-- テーブルの構造 `todo_table`
--

CREATE TABLE `todo_table` (
  `id` int(12) NOT NULL,
  `todo` varchar(128) COLLATE utf8_unicode_ci NOT NULL,
  `deadline` date NOT NULL,
  `created_at` datetime NOT NULL,
  `updated_at` datetime NOT NULL
) ENGINE=InnoDB DEFAULT CHARSET=utf8 COLLATE=utf8_unicode_ci;

--
-- テーブルのデータのダンプ `todo_table`
--

INSERT INTO `todo_table` (`id`, `todo`, `deadline`, `created_at`, `updated_at`) VALUES
(2, 'JSを学ぶ', '2020-06-20', '2020-06-20 15:35:06', '2020-07-02 12:24:17'),
(3, 'アンケート', '2020-06-20', '2020-06-20 15:49:57', '2020-06-20 15:49:57'),
(4, 'おき', '2020-06-17', '2020-06-20 16:23:10', '2020-06-20 16:23:10'),
(5, 'おおおおお', '2020-06-08', '2020-06-20 16:23:17', '2020-06-20 16:23:17'),
(7, '後藤', '2020-06-01', '2020-06-20 16:53:33', '2020-07-02 12:42:46'),
(8, '三浦山', '2020-07-31', '2020-06-20 16:59:06', '2020-07-04 16:49:07'),
(9, '三浦カズ', '2020-06-01', '2020-06-20 16:59:29', '2020-06-20 16:59:29'),
(10, '山下達則', '2020-06-29', '2020-06-20 17:58:25', '2020-06-27 16:20:33'),
(13, 'かかかこ', '2020-06-30', '2020-06-27 14:44:22', '2020-06-27 14:44:22'),
(14, 'かかかか', '2020-06-01', '2020-06-27 15:16:55', '2020-06-27 15:16:55'),
(16, 'sasasa', '2020-06-10', '2020-06-27 16:02:01', '2020-06-27 16:02:01'),
(19, '塩谷', '2020-07-02', '2020-07-02 06:02:53', '2020-07-02 06:03:20'),
(20, 'ううう', '2020-07-31', '2020-07-02 06:42:39', '2020-07-02 06:42:39'),
(21, 'kokoko', '2020-07-05', '2020-07-02 10:24:56', '2020-07-02 10:24:56'),
(22, 'kokoko', '2020-07-05', '2020-07-02 10:25:23', '2020-07-02 10:25:23'),
(23, 'じろさま', '2020-08-07', '2020-07-02 12:38:04', '2020-07-02 12:39:00'),
(24, 'やまし', '2020-06-28', '2020-07-02 12:43:00', '2020-07-02 12:43:24'),
(25, '小山', '2020-07-05', '2020-07-04 14:41:39', '2020-07-04 14:41:55'),
(26, 'あべ', '2020-06-29', '2020-07-04 15:10:27', '2020-07-04 15:10:27'),
(27, 'れれれtれて', '2020-07-01', '2020-07-04 16:51:06', '2020-07-04 16:51:06'),
(28, 'すすすすすすs', '2020-07-31', '2020-07-04 16:51:28', '2020-07-04 16:51:28'),
(29, 'ふぇふぇ', '2020-06-30', '2020-07-04 16:52:46', '2020-07-16 13:58:43'),
(30, 'やま', '2020-07-01', '2020-07-11 17:33:23', '2020-07-11 17:33:23'),
(31, 'こんにちは', '2020-07-02', '2020-07-14 20:54:44', '2020-07-14 20:54:44');

-- --------------------------------------------------------

--
-- テーブルの構造 `users_table`
--

CREATE TABLE `users_table` (
  `id` int(12) NOT NULL,
  `username` varchar(128) CHARACTER SET utf8mb4 COLLATE utf8mb4_unicode_ci NOT NULL,
  `password` varchar(128) CHARACTER SET utf8mb4 COLLATE utf8mb4_unicode_ci NOT NULL,
  `is_admin` int(1) NOT NULL,
  `is_deleted` int(1) NOT NULL,
  `created_at` datetime NOT NULL,
  `updated_at` datetime NOT NULL
) ENGINE=InnoDB DEFAULT CHARSET=utf8 COLLATE=utf8_unicode_ci;

--
-- テーブルのデータのダンプ `users_table`
--

INSERT INTO `users_table` (`id`, `username`, `password`, `is_admin`, `is_deleted`, `created_at`, `updated_at`) VALUES
(1, 'abe', '1234', 0, 0, '2020-07-04 16:04:06', '2020-07-04 16:04:06'),
(2, 'yamada', '2222', 0, 0, '2020-07-04 16:11:22', '2020-07-04 16:11:22'),
(3, 'takeyama', '444444', 0, 0, '2020-07-04 16:48:37', '2020-07-04 16:48:37'),
(4, '安部', '大輔', 0, 0, '2020-07-04 16:52:25', '2020-07-04 16:52:25'),
(5, 'aaa', '111', 0, 0, '2020-07-11 17:34:27', '2020-07-11 17:34:27'),
(6, 'abeabe', '11111', 0, 0, '2020-07-14 19:41:05', '2020-07-14 19:41:05');

--
-- ダンプしたテーブルのインデックス
--

--
-- テーブルのインデックス `go_table`
--
ALTER TABLE `go_table`
  ADD PRIMARY KEY (`id`);

--
-- テーブルのインデックス `hoikushi_table`
--
ALTER TABLE `hoikushi_table`
  ADD PRIMARY KEY (`id`);

--
-- テーブルのインデックス `kakunin_table`
--
ALTER TABLE `kakunin_table`
  ADD PRIMARY KEY (`id`);

--
-- テーブルのインデックス `like_table`
--
ALTER TABLE `like_table`
  ADD PRIMARY KEY (`id`);

--
-- テーブルのインデックス `renraku_table`
--
ALTER TABLE `renraku_table`
  ADD PRIMARY KEY (`id`);

--
-- テーブルのインデックス `todo_table`
--
ALTER TABLE `todo_table`
  ADD PRIMARY KEY (`id`);

--
-- テーブルのインデックス `users_table`
--
ALTER TABLE `users_table`
  ADD PRIMARY KEY (`id`);

--
-- ダンプしたテーブルのAUTO_INCREMENT
--

--
-- テーブルのAUTO_INCREMENT `go_table`
--
ALTER TABLE `go_table`
  MODIFY `id` int(12) NOT NULL AUTO_INCREMENT, AUTO_INCREMENT=225;

--
-- テーブルのAUTO_INCREMENT `hoikushi_table`
--
ALTER TABLE `hoikushi_table`
  MODIFY `id` int(12) NOT NULL AUTO_INCREMENT, AUTO_INCREMENT=5;

--
-- テーブルのAUTO_INCREMENT `kakunin_table`
--
ALTER TABLE `kakunin_table`
  MODIFY `id` int(12) NOT NULL AUTO_INCREMENT, AUTO_INCREMENT=56;

--
-- テーブルのAUTO_INCREMENT `like_table`
--
ALTER TABLE `like_table`
  MODIFY `id` int(12) NOT NULL AUTO_INCREMENT, AUTO_INCREMENT=14;

--
-- テーブルのAUTO_INCREMENT `renraku_table`
--
ALTER TABLE `renraku_table`
  MODIFY `id` int(12) NOT NULL AUTO_INCREMENT, AUTO_INCREMENT=24;

--
-- テーブルのAUTO_INCREMENT `todo_table`
--
ALTER TABLE `todo_table`
  MODIFY `id` int(12) NOT NULL AUTO_INCREMENT, AUTO_INCREMENT=32;

--
-- テーブルのAUTO_INCREMENT `users_table`
--
ALTER TABLE `users_table`
  MODIFY `id` int(12) NOT NULL AUTO_INCREMENT, AUTO_INCREMENT=7;
COMMIT;

/*!40101 SET CHARACTER_SET_CLIENT=@OLD_CHARACTER_SET_CLIENT */;
/*!40101 SET CHARACTER_SET_RESULTS=@OLD_CHARACTER_SET_RESULTS */;
/*!40101 SET COLLATION_CONNECTION=@OLD_COLLATION_CONNECTION */;
